"","SNP","Est","SE"
"55","1:692794:CA:C",0.0552625066320239,0.046156
"71","1:713158:T:A",-0.316432774627486,0.294064
"79","1:714622:G:C",-0.316432774627486,0.294064
"84","1:715517:G:C",-0.316432774627486,0.294064
"85","1:715767:T:C",-0.316432774627486,0.294064
"86","1:715846:G:A",-0.316432774627486,0.294064
"87","1:715977:T:C",-0.316432774627486,0.294064
"94","1:720223:G:A",-0.316432774627486,0.294064
"96","1:721054:T:C",-0.316432774627486,0.294064
"99","1:721724:A:AT",-0.311376583311446,0.292415
"104","1:723183:G:A",-0.316432774627486,0.294064
"114","1:724475:T:A",-0.316432774627486,0.294064
"119","1:725245:T:C",-0.316432774627486,0.294064
"125","1:725895:T:G",-0.320489050977486,0.319932
"129","1:726802:A:G",-0.336987169176228,0.307133
"130","1:726806:G:A",-0.322125840065476,0.323518
"131","1:726807:T:G",-0.322125840065476,0.323518
"132","1:726811:G:A",-0.322125840065476,0.323518
"133","1:726812:A:G",-0.322125840065476,0.323518
"134","1:726817:A:G",-0.322125840065476,0.323518
"135","1:726820:A:G",-0.306752088173367,0.347793
"136","1:726822:C:G",-0.306752088173367,0.347793
"137","1:726824:A:G",-0.306752088173367,0.347793
"138","1:726827:A:G",-0.332551134201019,0.324308
"142","1:727244:T:C",-0.197406362532341,0.370073
"147","1:728647:C:T",-0.186912880809513,0.375701
"150","1:729358:GA:G",-0.215217545252317,0.340644
"151","1:729452:C:T",-0.215217545252317,0.340644
"152","1:729679:C:G",0.0456595546353932,0.024289
"155","1:730087:T:C",0.189890341143884,0.100351
"160","1:731062:C:T",-0.215217545252317,0.340644
"161","1:731097:G:A",-0.215217545252317,0.340644
"162","1:731528:G:A",-0.215217545252317,0.340644
"165","1:731718:T:C",0.068684290547417,0.031255
"168","1:732019:C:T",-0.215217545252317,0.340644
"172","1:732147:C:T",-0.215217545252317,0.340644
"174","1:732909:G:A",-0.220201633002669,0.337328
"175","1:732935:G:C",-0.220201633002669,0.337328
"181","1:734349:T:C",0.0679688807206464,0.031458
"183","1:734458:C:G",-0.212989033387849,0.336885
"189","1:736289:T:A",0.0892326581170246,0.036066
"199","1:737997:C:T",-0.210985263752833,0.338808
"210","1:741068:C:T",-0.20754706134603,0.340362
"217","1:742990:C:T",0.0544957610129496,0.033637
"219","1:743607:C:T",-0.20754706134603,0.340362
"222","1:744641:C:T",-0.20754706134603,0.340362
"235","1:748878:G:T",0.0204974838666433,0.023962
"237","1:750134:C:T",-0.760550601607051,0.213679
"239","1:751343:T:A",0.0454139951287372,0.030373
"240","1:751488:G:GA",0.0474263774921346,0.032076
"242","1:751580:C:T",0.0525896038153097,0.052599
"243","1:751756:T:C",0.0458315059392078,0.030384
"244","1:752242:T:A",0.0469360654378058,0.053526
"246","1:752566:G:A",0.023747776129045,0.023141
"247","1:752721:A:G",0.0250427951717326,0.019906
"253","1:753474:C:G",0.0367060154882717,0.027703
"255","1:753541:G:A",0.0449332118729081,0.022725
"258","1:754182:A:G",0.0296287027110711,0.021955
"259","1:754192:A:G",0.0296287027110711,0.021955
"260","1:754334:T:C",0.028828438503492,0.021897
"263","1:754503:G:A",0.028942107269915,0.021623
"269","1:754964:C:T",0.0289770796757189,0.021632
"271","1:755225:T:G",0.516549610452611,0.41431
"275","1:755435:T:G",-0.419855149908941,0.145233
"277","1:755890:A:T",0.0252115023340446,0.023975
"279","1:756268:G:A",0.0303691534299638,0.027041
"282","1:756434:G:C",0.0412647764778542,0.026348
"283","1:756604:A:G",0.0207619709004838,0.021497
"288","1:757103:C:T",0.0259620504155623,0.043161
"293","1:757640:G:A",0.026741244417791,0.021939
"294","1:757734:C:T",0.0258002915703625,0.023295
"295","1:757843:C:A",0.0217106098608267,0.025582
"296","1:757936:C:A",0.0254152782339108,0.023287
"299","1:758141:G:A",0.029274295753994,0.041226
"300","1:758144:A:G",0.0274205955759922,0.023366
